<beans xmlns="http://www.springframework.org/schema/beans"
	xmlns:xsi="http://www.w3.org/2001/XMLSchema-instance" xmlns:context="http://www.springframework.org/schema/context"
	xsi:schemaLocation="http://www.springframework.org/schema/beans
   http://www.springframework.org/schema/beans/spring-beans-4.0.xsd
  http://www.springframework.org/schema/context
   http://www.springframework.org/schema/context/spring-context-4.0.xsd">
	<bean id="helloWorldSpringCore" class="com.cts.hospitalmanagement.core.HelloSpringCoreWorld" 
	scope="singleton" init-method="firstInit" destroy-method="firstDestroy"> 
	<!-- scope="singleton" -->
	<!-- scope="prototype" -->
	<!-- scope="session" -->
	<!-- scope="request" -->
	<!-- scope="global-session" -->
	</bean>
	<bean id ="helloCollection" class ="com.cts.hospitalmanagement.core">
	<property name="addressList">
	<list>
	<value>INDIA</value>
	<value>INDIA</value>
    <value>US</value>
   <value>UK</value>
	</list>
	</property>
	<property name="addressSet">
	<set>
	<value>INDIA</value>
	<value>INDIA</value>
    <value>US</value>
   <value>UK</value>
	</set>
	<!-- <property name="addressMap">
        <map>
           <entry key="1" value="INDIA"/>
           <entry key="2" value="Pakistan"/>
           <entry key="3" value="USA"/>
           <entry key="4" value="USA"/>
        </map>
      </property> -->
	</property>
	</bean>
</beans>